Object identifier, Divisions                   , Accession Number         , Accession Description                           , Quantity    , Type        , Other Numbers                                    , Object Type           , Materials                    , Verbatim Geography                                 , Geographic Location  , Political Location          , Culture , Description                                                                                                                                                                                                                                                                                                                                                                                                                                                                                                                                                                                                                       , Curatorial Notes
8129             , Ethnology & Material Culture, Accession Number: 278    , Accession #278 Purchase 04/20/1926 (278)        , "Quantity: 1
                                                                                                                              Unit: ea"   , Ethnographic,                                                  , Basket                , Grass                        , Asia-Southeast Asia-Philippines-Cotabato-          ,                      ,                             ,         , "Basket with eight decorative legs. Red black natural color. Included note states ""Basket made by women at Cottobatto"""                                                                                                                                                                                                                                                                                                                                                                                                                                                                                                         , 
8272             , Ethnology & Material Culture, Accession Number: 1      , Accession #1 UMMAA Expedition 1872 (1)          , "Quantity: 1
                                                                                                                              Unit: ea"   , Ethnographic,                                                  , Basket                , Fiber                        , Asia-Southeast Asia-Philippines--                  ,                      ,                             ,         , Basket.                                                                                                                                                                                                                                                                                                                                                                                                                                                                                                                                                                                                                           , 
8390             , Ethnology & Material Culture, Accession Number: 220    , Accession #220 UMMAA Expedition 08/31/1925 (220), "Quantity: 1
                                                                                                                              Unit: ea"   , Ethnographic,                                                  , Basket                , Balsa; Leather (tanned)      , Asia-Southeast Asia-Philippines-Davao del Norte-   ,                      , Barrio Macgum- New Corella  ,         , Rattan carrying case weatherproofed with oil and ornamented with bamboo. This item is a tall rounded rectangular case that is dark brown with lighter brown zigzags vertical lines and horizontal lines around it's opening. A lid is attached and there are straps of leather as well.                                                                                                                                                                                                                                                                                                                                           , 
8548             , Ethnology & Material Culture, Accession Number: 950    , Accession #950 Purchase 07/24/1933 (950)        , "Quantity: 1
                                                                                                                              Unit: ea"   , Ethnographic,                                                  , Basket                , Balsa                        , Asia-Southeast Asia-Philippines--                  ,                      ,                             ,         , This is a small basket made of light and dark brown fibers that are alternated in the weaving. The base is rectangular and the mouth is round rimmed by light brown fibers in a slightly different weave. The basket is rather pliable.                                                                                                                                                                                                                                                                                                                                                                                           , 
8550             , Ethnology & Material Culture, Accession Number: 950    , Accession #950 Purchase 07/24/1933 (950)        , "Quantity: 1
                                                                                                                              Unit: ea"   , Ethnographic,                                                  , Basket                , Leaf                         , Asia-Southeast Asia-Philippines--                  ,                      ,                             , Filipino, Round basket made of mid rib of coconut leaf.                                                                                                                                                                                                                                                                                                                                                                                                                                                                                                                                                                                     , 
8575             , Ethnology & Material Culture, Accession Number: 951    , Accession #951 Purchase 07/19/1935 (951)        , "Quantity: 1
                                                                                                                              Unit: ea"   , Ethnographic,                                                  , Basket                , Leaf                         , Asia-Southeast Asia-Philippines-Leyte-             , Leyte                , Palo                        ,         ,                                                                                                                                                                                                                                                                                                                                                                                                                                                                                                                                                                                                                                   , 
8576             , Ethnology & Material Culture, Accession Number: 951    , Accession #951 Purchase 07/19/1935 (951)        , "Quantity: 1
                                                                                                                              Unit: ea"   , Ethnographic,                                                  , Basket                , Leaf                         , Asia-Southeast Asia-Philippines-Leyte-             , Leyte                , Palo                        ,         , One round shallow basket made of mid-ribs of coconut leaves. The basket has a double-thickness reinforced base and is of a relatively open weave overall.                                                                                                                                                                                                                                                                                                                                                                                                                                                                         , 
8578             , Ethnology & Material Culture, Accession Number: 951    , Accession #951 Purchase 07/19/1935 (951)        , "Quantity: 1
                                                                                                                              Unit: ea"   , Ethnographic,                                                  , Basket                , Reed                         , Asia-Southeast Asia-Philippines-Leyte-             , Leyte                , Palo                        ,         , One woven reed tray for winnowing rice. The base is woven in a herringbone design with a thick band at the rim; all of the basket is a light tan natural color except for a darker brown narrow strip binding at the very top of the rim.                                                                                                                                                                                                                                                                                                                                                                                         , 
8652             , Ethnology & Material Culture, Accession Number: 278    , Accession #278 Purchase 04/20/1926 (278)        , "Quantity: 1
                                                                                                                              Unit: ea"   , Ethnographic,                                                  , Basket                , Leaf; Cotton; Fiber          , Asia-Southeast Asia-Philippines--                  ,                      , Cottobatto                  ,         , 1 deep circular basket. Made of linear leaves of pandanus? Decorated with multicolored cotton strips. Tapes down to bottom. Leaves on outer surface painted black. Bottom frame covered with scraps of colorful cotton textile. Above this are two bands of decoration made from shaped and woven fibers. Above this is a row of pyramids and step motifs of fiber with interior of pyramids filled with textile. Under top rim is a band of woven fiber then a series of geometric designs of fiber. Some of these are filled with cotton textile.                                                                               , 
17570            , Ethnology & Material Culture, Accession Number: 1387   , Accession #1387 Donation 04/29/1941 (1387)      , "Quantity: 1
                                                                                                                              Unit: ea"   , Ethnographic, Other Number: C4625 Number Type: original numbers, Basket                , Wicker                       , Asia-Southeast Asia-Philippines-Misamis Occidental-,                      , Tagoloan                    ,         , Fish container of rattan and nito. Decorated with alternating dark and light bands.                                                                                                                                                                                                                                                                                                                                                                                                                                                                                                                                               , 
17572            , Ethnology & Material Culture, Accession Number: 1387   , Accession #1387 Donation 04/29/1941 (1387)      , "Quantity: 1
                                                                                                                              Unit: ea"   , Ethnographic, "Other Number: Coo5704
                                                                                                                                                          Number Type: original numbers"                   , Basket                , Balsa                        , Asia-Southeast Asia-Philippines-Negros Occidental- ,                      , Cangmanhac                  ,         , Large market basket of bamboo rattan and lupis. The basket is supported by four thick bamboo legs and designed to sit on the ground.                                                                                                                                                                                                                                                                                                                                                                                                                                                                                              , 
17575            , Ethnology & Material Culture, Accession Number: 1387   , Accession #1387 Donation 04/29/1941 (1387)      , "Quantity: 1
                                                                                                                              Unit: ea"   , Ethnographic, "Other Number: Coo 5747
                                                                                                                                                          Number Type: original numbers"                   , Basket                , Fiber                        , Asia-Southeast Asia-Philippines-Mindoro Occidental-, Mt. Halcon Baco River,                             , Mangyan , Carrying basket of dukmoy nito rattan. Used for fruits and Vegetables.                                                                                                                                                                                                                                                                                                                                                                                                                                                                                                                                                            , 
17576            , Ethnology & Material Culture, Accession Number: 1387   , Accession #1387 Donation 04/29/1941 (1387)      , "Quantity: 1
                                                                                                                              Unit: ea"   , Ethnographic, "Other Number: Coo5766
                                                                                                                                                          Number Type: original numbers"                   , Basket                , Reed; Coconut                , Asia-Southeast Asia-Philippines-Cebu-              ,                      ,                             ,         , "One work basket with coconut midrib. Woven reed round with greater diameter at opening than base. Knotted bands at rim and articulation of base/walls."                                                                                                                                                                                                                                                                                                                                                                                                                                                                                                                , 
17577            , Ethnology & Material Culture, Accession Number: 1387   , Accession #1387 Donation 04/29/1941 (1387)      , "Quantity: 1
                                                                                                                              Unit: ea"   , Ethnographic, "Other Number: Coo5772
                                                                                                                                                          Number Type: original numbers"                   , Basket                , Rattan                       , Asia-Southeast Asia-Philippines-Sorsogon-          ,                      ,                             , Filipino, Fish basket of rattan with cordage carrying strap. Original number Coo5772.                                                                                                                                                                                                                                                                                                                                                                                                                                                                                                                                                       , 
17578            , Ethnology & Material Culture, Accession Number: 1387   , Accession #1387 Donation 04/29/1941 (1387)      , "Quantity: 1
                                                                                                                              Unit: ea"   , Ethnographic, "Other Number: Coo5785
                                                                                                                                                          Number Type: original numbers"                   , Basket                , Balsa                        , Asia-Southeast Asia-Philippines--                  ,                      ,                             ,         , Shell basket of bamboo and rattan. This basket is woven of very dark organic material. It has a rectangular base and cylindrical body. A series of loops around the opening of the basket form handles and a hinge by which a lid of the same make is attached.                                                                                                                                                                                                                                                                                                                                                                   , 
17579            , Ethnology & Material Culture, Accession Number: 1387   , Accession #1387 Donation 04/29/1941 (1387)      , "Quantity: 1
                                                                                                                              Unit: ea"   , Ethnographic, "Other Number: Coo5799
                                                                                                                                                          Number Type: original numbers"                   , Basket                , Bamboo                       , Asia-Southeast Asia-Philippines-Nueva Vizcaya-     ,                      , Dupax                       ,         , 1 rice basket of bamboo and rattan. This basket has a rectangular base of rigid material that is tied to the main part of the basket. At the top the basket opening is round and ringed with a piece of bamboo to help hold its shape.                                                                                                                                                                                                                                                                                                                                                                                            , 
17580            , Ethnology & Material Culture, Accession Number: 1387   , Accession #1387 Donation 04/29/1941 (1387)      , "Quantity: 1
                                                                                                                              Unit: ea"   , Ethnographic, "Other Number: Coo5809
                                                                                                                                                          Number Type: original numbers"                   , Basket                , Rattan; Fiber                , Asia-Southeast Asia-Philippines-Leyte-             ,                      , San Miguel                  ,         , "1 utility basket of banban rattan nito-abaca. Used for thread eggs medicines. Round basket with handle and lid attached by fiber cordage hinge."                                                                                                                                                                                                                                                                                                                                                                                                                                                                                                                                                                , 
17582            , Ethnology & Material Culture, Accession Number: 1387   , Accession #1387 Donation 04/29/1941 (1387)      , "Quantity: 1
                                                                                                                              Unit: ea"   , Ethnographic, "Other Number: Coo5819
                                                                                                                                                          Number Type: original numbers"                   , Basket                , Rattan; Bamboo               , Asia-Southeast Asia-Philippines-Ilocos Norte-      ,                      , Laoag                       ,         , One telescoping traveling basket made of bamboo and rattan. This basket is carried under the arm by a rope strap that also serves to hold together the lid and the base. The overall shape is a rectangular base that woven up into an oblong solid with a rectangular top. The lid is as tall as the base allowing the basket to expand in height as it is filled. The color is natural with narrow diagonal stripes woven into the body of the lid.                                                                                                                                                                             , 
17583            , Ethnology & Material Culture, Accession Number: 1387   , Accession #1387 Donation 04/29/1941 (1387)      , "Quantity: 1
                                                                                                                              Unit: ea"   , Ethnographic, "Other Number: Coo5847
                                                                                                                                                          Number Type: original numbers"                   , Basket                , Rattan                       , Asia-southeast Asia-Philippines-Isabela-           ,                      , Cabagan                     ,         , Corn measure of rattan. Used for both measuring and handling. Small rounded woven basket.                                                                                                                                                                                                                                                                                                                                                                                                                                                                                                                                         , 
17584            , Asian Archaeology           , Accession Number: 1387   , Accession #1387 Donation 04/29/1941 (1387)      , "Quantity: 1
                                                                                                                              Unit: ea"   , Artifact    , "Other Number: Coo 5850
                                                                                                                                                          Number Type: original numbers"                   , Basket                , Bamboo; Rattan               , Asia-Southeast Asia-Philippines-Isabela-           ,                      , Cabagan                     ,         , "Buyo basket-bamboo rattan dappig Used by Ifudgaos"                                                                                                                                                                                                                                                                                                                                                                                                                                                                                                                                                                                                                 , 
17585            , Ethnology & Material Culture, Accession Number: 1387   , Accession #1387 Donation 04/29/1941 (1387)      , "Quantity: 1
                                                                                                                              Unit: ea"   , Ethnographic, "Other Number: Coo5850
                                                                                                                                                          Number Type: original numbers"                   , Basket                , Rattan; Bamboo; Fiber        , Asia-Southeast Asia-Philippines-Isabela-           , Luzon                , Cabagan                     , Ifugao  , "One Buyo basket of bamboo rattan and dappig. Used by the Ifugaos. Tall basket with round opening and square bottom changes shape halfway. Upper section has tight weave (rattan) and lower was looe weave. The rim is made of rattan wrapped bamboo. A cord of braided fiber is attached at two points on opposite sides and hangs in the middle. Tag says: ""Obtained at batangas. It has been used. One is put on each end of a pole and carried on the shoulders."" fiber cord was probably used for hanging on pole."                                                                                                                                                                                                                                                                                                                                                                                                                                                                                                                                                                                , 
17586            , Ethnology & Material Culture, Accession Number: 1387   , Accession #1387 Donation 04/29/1941 (1387)      , "Quantity: 1
                                                                                                                              Unit: ea"   , Ethnographic, "Other Number: Coo5873
                                                                                                                                                          Number Type: original numbers"                   , Basket                , Balsa                        , Asia-Southeast Asia-Philippines-Leyte-             ,                      ,                             ,         , One work basket of buri for holding abaca fibers in preparation for weaving.                                                                                                                                                                                                                                                                                                                                                                                                                                                                                                                                                      , 
17587            , Ethnology & Material Culture, Accession Number: 1387   , Accession #1387 Donation 04/29/1941 (1387)      , "Quantity: 1
                                                                                                                              Unit: ea"   , Ethnographic, "Other Number: Coo5875
                                                                                                                                                          Number Type: original numbers"                   , Basket                , Bamboo                       , Asia-Southeast Asia-Philippines-Bulacan-           ,                      , Bisao - Lepanto             ,         , Bamboo rice basket for uncooked rice. This basket has a thick rectangular frame at the base thick woven pieces form a frame along the sides and there is a round frame piece at the mouth of the basket. The basket bulges in the middle and is constricted at the mouth and base. There are four handles formed by separating the frame pieces along the sides allowing a gap. The basket is rather dark and it appears that the fibers have been treated with something to make them darker.                                                                                                                                    , 
17588            , Ethnology & Material Culture, Accession Number: 1387   , Accession #1387 Donation 04/29/1941 (1387)      , "Quantity: 1
                                                                                                                              Unit: ea"   , Ethnographic, "Other Number: Coo5884
                                                                                                                                                          Number Type: original numbers"                   , Basket                , Bamboo; Rattan               , Asia-Southeast Asia-Philippines-Bulacan-           ,                      , Balacan                     ,         , One sewing basket of bamboo and rattan. Wide mesh hexagonal bottom. Round opening. Open weave. Forms patterns that look like stars of David. Bamboo around rim.                                                                                                                                                                                                                                                                                                                                                                                                                                                                   , 
17589            , Ethnology & Material Culture, Accession Number: 1387   , Accession #1387 Donation 04/29/1941 (1387)      , "Quantity: 1
                                                                                                                              Unit: ea"   , Ethnographic, "Other Number: Coo5891
                                                                                                                                                          Number Type: original numbers"                   , Basket                , Balsa                        , Asia-Southeast Asia-Philippines-Bulacan-           ,                      , Balacan - Philippines       ,         , Utility basket of bamboo and rattan. This basket has a rectangular base and round opening on top rimmed with a thick strip of bamboo.                                                                                                                                                                                                                                                                                                                                                                                                                                                                                             , 
17590            , Ethnology & Material Culture, Accession Number: 1387   , Accession #1387 Donation 04/29/1941 (1387)      , "Quantity: 1
                                                                                                                              Unit: ea"   , Ethnographic, "Other Number: Coo5894
                                                                                                                                                          Number Type: original numbers"                   , Basket                , Bamboo; Rattan               , Asia-Southeast Asia-Philippines--                  ,                      , Manoba                      ,         , 1 rice basket of bamboo rattan and bark. This basket has a rectangular base of rigid material that is tied to the main part of the basket. At the top the basket opening is round and ringed with a piece of bamboo to help hold its shape.                                                                                                                                                                                                                                                                                                                                                                                       , 
17591            , Ethnology & Material Culture, Accession Number: 1387   , Accession #1387 Donation 04/29/1941 (1387)      , "Quantity: 1
                                                                                                                              Unit: ea"   , Ethnographic, "Other Number: Coo5920
                                                                                                                                                          Number Type: original numbers"                   , Basket                , Balsa                        , Asia-Southeast Asia-Philippines--                  ,                      ,                             ,         , Utility basket of bamboo rattan and nito. The basket is round and made of an open weave. A handle extends over the basket and accounts for over half the artifact height.                                                                                                                                                                                                                                                                                                                                                                                                                                                         , 
17593            , Ethnology & Material Culture, Accession Number: 1387   , Accession #1387 Donation 04/29/1941 (1387)      , "Quantity: 1
                                                                                                                              Unit: ea"   , Ethnographic, "Other Number: Coo5954
                                                                                                                                                          Number Type: original numbers"                   , Basket                , Balsa                        , Asia-Southeast Asia-Philippines-Ilocos Norte-      ,                      , Batac                       , Tinguian, Bamboo rice basket from Tinguian culture. The basket sits on a rectangular base and has a general bowl shape and a wide round opening at top. The majority of the basket is light brown but a darker brown decoration has been achieved by weaving dark bands horizontally and vertically.                                                                                                                                                                                                                                                                                                                                        , 
17594            , Ethnology & Material Culture, Accession Number: 1387   , Accession #1387 Donation 04/29/1941 (1387)      , "Quantity: 1
                                                                                                                              Unit: ea"   , Ethnographic, "Other Number: Coo5967
                                                                                                                                                          Number Type: original numbers"                   , Basket                , Balsa                        , Asia-Southeast Asia-Philippines-Camarines Norte-   ,                      , San Jose - Camarines        ,         , Hexagonal basket woven with hexagonal pattern and with undulating top.                                                                                                                                                                                                                                                                                                                                                                                                                                                                                                                                                            , 
17596            , Ethnology & Material Culture, Accession Number: 1387   , Accession #1387 Donation 04/29/1941 (1387)      , "Quantity: 1
                                                                                                                              Unit: ea"   , Ethnographic, "Other Number: Coo5974
                                                                                                                                                          Number Type: original numbers"                   , Basket                , Reed                         , Asia-Southeast Asia-Philippines-Albay-             ,                      , Buro - Legaspi              , Bicol   , One cylindrical sewing basket made of caragumoy. The base is roughly square but the body is round and straight forming a cylinder shape. Used by the Bicol.                                                                                                                                                                                                                                                                                                                                                                                                                                                                       , 
17597            , Ethnology & Material Culture, Accession Number: 1387   , Accession #1387 Donation 04/29/1941 (1387)      , "Quantity: 1
                                                                                                                              Unit: ea"   , Ethnographic, "Other Number: Coo5995
                                                                                                                                                          Number Type: original numbers"                   , Basket                , Bamboo                       , Asia-Southeast Asia-Philippines-Ilocos Sur-        ,                      , Namitpit - Lepanto          ,         , Rice basket of bamboo for uncooked rice.                                                                                                                                                                                                                                                                                                                                                                                                                                                                                                                                                                                          , 
17598            , Ethnology & Material Culture, Accession Number: 1387   , Accession #1387 Donation 04/29/1941 (1387)      , "Quantity: 1
                                                                                                                              Unit: ea"   , Ethnographic, "Other Number: Coo6009
                                                                                                                                                          Number Type: original numbers"                   , Basket                , Fiber; Rattan                , Asia-Southeast Asia-Philippines-Mindoro Oriental-  ,                      , Pinamalayan - Mindoro       ,         , "1 Abaca contained of nipa and rattan. Used to hold abaca fibers. Open-weave basket with hexagonal base and round top."                                                                                                                                                                                                                                                                                                                                                                                                                                                                                                                                                                             , 
17602            , Ethnology & Material Culture, Accession Number: 1387   , Accession #1387 Donation 04/29/1941 (1387)      , "Quantity: 1
                                                                                                                              Unit: ea"   , Ethnographic, "Other Number: Coo6099
                                                                                                                                                          Number Type: original numbers"                   , Basket                , Balsa                        , Asia-Southeast Asia-Philippines-Quezon-            ,                      , Lucban                      , Tagalog , Market basket of rattan. The basket is round with a slightly conical bottom and a very wide opening ringed with rigid bamboo.                                                                                                                                                                                                                                                                                                                                                                                                                                                                                                     , 
17604            , Ethnology & Material Culture, Accession Number: 1387   , Accession #1387 Donation 04/29/1941 (1387)      , "Quantity: 1
                                                                                                                              Unit: ea"   , Ethnographic, "Other Number: Coo6113
                                                                                                                                                          Number Type: original numbers"                   , Basket                , Rattan                       , Asia-Southeast Asia-Philippines-Ilocos Norte-      ,                      , Laoag                       ,         , One pack holder of rattan. Shaped like a purse. Main body has rattan woven in fancy interlocked knots. Handle made of rattan braid. Round bottom with star inside.                                                                                                                                                                                                                                                                                                                                                                                                                                                                , 
17605            , Ethnology & Material Culture, Accession Number: 1387   , Accession #1387 Donation 04/29/1941 (1387)      , "Quantity: 1
                                                                                                                              Unit: ea"   , Ethnographic, "Other Number: Coo6129
                                                                                                                                                          Number Type: original numbers"                   , Basket                , Rattan; Bamboo               , Asia-Southeast Asia-Philippines-Agusan del Norte-  ,                      , Amparo Settlement           , Manobo  , Utility basket of rattan and bamboo. Woven rattan basket round opening hexagonal bottom. There is a length of bamboo wrapped around the basket. This is wrapped over with rattan.                                                                                                                                                                                                                                                                                                                                                                                                                                                 , 
17612            , Ethnology & Material Culture, Accession Number: 1387   , Accession #1387 Donation 04/29/1941 (1387)      , "Quantity: 1
                                                                                                                              Unit: ea"   , Ethnographic, "Other Number: Coo6344
                                                                                                                                                          Number Type: original numbers"                   , Basket                , Rattan                       , Asia-Southeast Asia-Philippines--                  ,                      ,                             ,         , Small covered (no cover present) basket of rattan and bamboo. Used for flowers.                                                                                                                                                                                                                                                                                                                                                                                                                                                                                                                                                   , 
17613            , Ethnology & Material Culture, Accession Number: 1387   , Accession #1387 Donation 04/29/1941 (1387)      , "Quantity: 1
                                                                                                                              Unit: ea"   , Ethnographic, "Other Number: Coo6651
                                                                                                                                                          Number Type: original numbers"                   , Basket                , Bamboo                       , Asia-Southeast Asia-Philippines--                  ,                      ,                             ,         , 1 square open weave basket of bamboo with small circular opening on top. A fish trap (?)                                                                                                                                                                                                                                                                                                                                                                                                                                                                                                                                          , 
17709            , Asian Ethnology             , Accession Number: 1587   , Accession #1587 Donation 10/03/1944 (1587)      , "Quantity: 1
                                                                                                                              Unit: ea"   , Ethnographic,                                                  , Basket                , Rattan                       , Asia-Southeast Asia-Philippines--                  ,                      ,                             ,         , One rattan tray. The overall shape is round and shallow with the base woven in a herringbone pattern. At the rim there is a thicker binding strip held in place by narrow lacing.                                                                                                                                                                                                                                                                                                                                                                                                                                                 , 
23835            , Ethnology & Material Culture, Accession Number: 1475   , Accession #1475 Donation 04/18/1942 (1475)      , "Quantity: 1
                                                                                                                              Unit: ea"   , Ethnographic,                                                  , Basket                , Bamboo                       , Asia-Southeast Asia-Philippines--                  ,                      , Central Luzon               ,         , Large round basket with unfinished top. Frame pieces extend approximately 7 cm above woven portion. Filled with spools of cotton thread and wool yarn.                                                                                                                                                                                                                                                                                                                                                                                                                                                                            , "spools of thread and yarn have no numbers will need to be assigned numbers in the future.                                                                                                                                                                                                                                                                                                                                                                                                                                                                                                                                                                                                                                                                                                                                                                                                                                                                                                                                                                                                      catalog card says ""Turned in by V. Jones June 1958"""
26644            , Asian Ethnology             , Accession Number: 3281   , Accession #3281 UMMAA Expedition (3281)         , "Quantity: 1
                                                                                                                              Unit: ea"   , Ethnographic,                                                  , Basket                , Fiber                        , Asia-Southeast Asia-Philippines--                  ,                      ,                             ,         , Small round basket of woven fiber. Has rounded bottom and thus does not stand.                                                                                                                                                                                                                                                                                                                                                                                                                                                                                                                                                    , 
37326            , Ethnology & Material Culture, Accession Number: 2175   , Accession #2175 Donation 1955 (2175)            , "Quantity: 1
                                                                                                                              Unit: ea"   , Ethnographic,                                                  , Basket                , Fiber                        , Asia-Southeast Asia-Philippines--                  ,                      ,                             ,         , bask or hat of twilled basketry. Round. No bottom. Open at both ends. One opening is narrow while other is wide.                                                                                                                                                                                                                                                                                                                                                                                                                                                                                                                  , 
37327            , Ethnology & Material Culture, Accession Number: 2175   , Accession #2175 Donation 1955 (2175)            , "Quantity: 1
                                                                                                                              Unit: ea"   , Ethnographic,                                                  , Basket                , Grass                        , Asia-Southeast Asia-Philippines--                  ,                      ,                             ,         , One grass basket from the Philippines. The bas of the basket is flat and the sides angle out to form a truncated cone shape. Made of coils of grass sewn together with two-ply thread the majority of the basket is natural interspersed with horizontal rings of green and red from the center of the base to the top. At the very center of the base is a hole approximately 1.5cm in diameter.                                                                                                                                                                                                                                 , 
47287            , Ethnology & Material Culture, Accession Number: 2558   , Accession #2558 Donation 09/21/1959 (2558)      , "Quantity: 1
                                                                                                                              Unit: ea"   , Ethnographic,                                                  , Basket making material, Bamboo                       , Asia-Southeast Asia-Philippines-Bulacan-           , Central Luzon        , Pulilan                     ,         , 1 bamboo ring. One tan strip of bamboo bent into a circle and with the edges knotted together.                                                                                                                                                                                                                                                                                                                                                                                                                                                                                                                                    , 
92138            , Ethnology & Material Culture, Accession Number: 3461   , Accession #3461 UMMAA Expedition 10/1979 (3461) , "Quantity: 1
                                                                                                                              Unit: ea"   , Ethnographic,                                                  , Basket                , Balsa                        , Asia-Southeast Asia-Philippines--                  ,                      ,                             ,         , "1 man's travel basket. Called ""nead basket"" made with water proof lejuco covering. Basket has a rectangular base made of a wide rigid strip of organic material. Body of the basket is made of basketry in a tightly woven zigzag pattern. A flap comes over the top of the basket opening to cover it and is attached to two straps of similar woven basketry. Another flap is attached to the cover flap and this outer flap is made of woven basketry covered with a shaggy plant material reminiscent of porcupine quills or grass. This shaggy material covers one entire side of the basket as well as the closure flap.", 
92297            , Ethnology & Material Culture, Accession Number: 3581   , Accession #3581 Donation 07/10/1984 (3581)      , "Quantity: 1
                                                                                                                              Unit: ea"   , Ethnographic,                                                  , Basket                , Rattan                       , Asia-Southeast Asia-Philippines-Mindoro Oriental-  , Mt. Halcon           , Santa Rosa or Dulangan      , Mangyan , Fine-weave rattan basket barrel-shaped. The base consists of a 25X25cm lattice of looser weave with ridging the circumference. Two 35 cm strips of rattan are placed diagonally across this square. Opening is circular bottom is square.                                                                                                                                                                                                                                                                                                                                                                                         , 
92298            , Ethnology & Material Culture, Accession Number: 3581   , Accession #3581 Donation 07/10/1984 (3581)      , "Quantity: 1
                                                                                                                              Unit: ea"   , Ethnographic,                                                  , Basket                , Rattan                       , Asia-Southeast Asia-Philippines-Mindoro Oriental-  , Mt. Halcon           , Santa Rosa or Dulangan      , Mangyan , Fine-weave rattan basket conical in shape. The base is a 20X20cm square of looser weave. Two strips of rattan cross it diagonally from corner to corner and these strips continue up to the rim reinforcing the sides of the basket. A strap consisting of a thin strip about 60 cm long is attached to the rim next to two adjacent vertical strips.                                                                                                                                                                                                                                                                             , 
92305            , Ethnology & Material Culture, Accession Number: 3581   , Accession #3581 Donation 07/10/1984 (3581)      , "Quantity: 1
                                                                                                                              Unit: ea"   , Ethnographic,                                                  , Basket                , Bamboo                       , Asia-Southeast Asia-Philippines--                  , Luzon                ,                             ,         , "Loose-weave bamboo basket with hinge top and single handle on top. The base and sides are square. The top is peaked and has a loop for shutting. Loop attached to lid. Can be tied to loop on body. The handle is formed from three separate pieces; on which runs from base-to-base up the center of the basket; the other two parallel to it . Running from corner-to-corner on either side to if. They are tied together at the top. Basket is rectangular in shape and natural tan color."                                                                                                                                                                                                                                                                                                                                        , 
17574-a          , Ethnology & Material Culture, Accession Number: 1387   , Accession #1387 Donation 04/29/1941 (1387)      , "Quantity: 1
                                                                                                                              Unit: ea"   , Ethnographic, "Other Number: Coo5739/Coo6037
                                                                                                                                                          Number Type: original numbers"                   , Basket                , Bamboo; Rattan               , Asia-Southeast Asia-Philippines--                  ,                      ,                             ,         , "1 clothes basket of bamboo and rattan. Rectangular bottom made of bamboo design on edges of base made from crossed rattan. Elliptical opening of bamboo lashed with rattan."                                                                                                                                                                                                                                                                                                                                                                                                                                                                                             , 
17595-a          , Ethnology & Material Culture, Accession Number: 1387   , Accession #1387 Donation 04/29/1941 (1387)      , "Quantity: 1
                                                                                                                              Unit: ea"   , Ethnographic, "Other Number: Coo5972
                                                                                                                                                          Number Type: original numbers"                   , Basket                , Bamboo; Rattan               , Asia-Southeast Asia-Philippines-Ilocos Sur-        ,                      , Suyo - Tagudin              ,         , "Basket. Bamboo rectangular base. Rectangular opening with slight rounding at corners. Body of woven rattan. Rim edged with bamboo. Rattan braid near bottom. Connected to b with a fiber cord. Carrying basket."                                                                                                                                                                                                                                                                                                                                                                                                                                                                                                                                                                                                                 , 
17599-a          , Ethnology & Material Culture, Accession Number: 1387   , Accession #1387 Donation 04/29/1941 (1387)      , "Quantity: 1
                                                                                                                              Unit: ea"   , Ethnographic, "Other Number: Coo6018
                                                                                                                                                          Number Type: original numbers"                   , Basket                , Balsa                        , Asia-Southeast Asia-Philippines-Negros Occidental- , Visayan Islands      , Masaling - Canayan          , Visayan , Base to a covered basket made of pandanus. This type of basket is used for tied fibers. The shape is roughly cylindrical woven from a hexagonal base with hexagonal shapes in the overall weave.                                                                                                                                                                                                                                                                                                                                                                                                                                  , 
17599-b          , Ethnology & Material Culture, Accession Number: 1387   , Accession #1387 Donation 04/29/1941 (1387)      , "Quantity: 1
                                                                                                                              Unit: ea"   , Ethnographic, "Other Number: Coo6018
                                                                                                                                                          Number Type: original numbers"                   , Basket                , Balsa                        , Asia-Southeast Asia-Philippines-Negros Occidental- , Visayan Islands      , Masaling - Canayan          , Visayan , Lid to a covered basket made of pandanus. This type of basket is used for tied fibers. The shape is roughly cylindrical woven from a hexagonal base with hexagonal shapes in the overall weave.                                                                                                                                                                                                                                                                                                                                                                                                                                   , 
17606-a          , Ethnology & Material Culture, Accession Number: 1387   , Accession #1387 Donation 04/29/1941 (1387)      , "Quantity: 1
                                                                                                                              Unit: ea"   , Ethnographic, "Other Number: Coo6139 E-103
                                                                                                                                                          Number Type: original numbers"                   , Basket                , Bamboo; Rattan               , Asia-Southeast Asia-Philippines-La Union-          ,                      , San Fernando - Union        ,         , "One clothes basket of bamboo and rattan. A tag on the lid reads ""the government of the Philippine Islands. Bureau of Education. Industrial Exhibit. English - suit case. Dialect - Tampipi. Bamboo and rattan. No. E-105. Price $.40 Obtained at San Fernando."" Box - deep rectangular box made of interwoven rattan in zigzag pattern. Top bottom and middle of sides are reinforced with bamboo. Each corner also has a reinforcement of a 1/2 (cut vertically) tube of bamboo. The cut is not complete leaving a 5 cm section of whole bamboo that serves as a leg. Some string tags and rattan inside."                                                                                                                                                                                                                                                                                       , 
17607-a          , Ethnology & Material Culture, Accession Number: 1387   , Accession #1387 Donation 04/29/1941 (1387)      , "Quantity: 1
                                                                                                                              Unit: ea"   , Ethnographic, "Other Number: Coo6168
                                                                                                                                                          Number Type: original numbers"                   , Basket                , Rattan; Bamboo; Cotton       , Asia-Southeast Asia-Philippines-Sorsogon-          ,                      , Bulan                       ,         , "Basket. Round topped basket with square base. Woven rattan fiber with bamboo around the rim. Two small rattan handles. Cotton string hangs inside from one end to other. Attached card reads: ""Basket has been used for one year. It is used by all classes for holding various articles."""                                                                                                                                                                                                                                                                                                                                                                                                                                                                                                              , 
1989-74-22       , Ethnology & Material Culture, Accession Number: 1989-74, Accession #1989-74 Donation 12/07/1989 (1989-74), "Quantity: 1
                                                                                                                              Unit: ea"   , Ethnographic, "Other Number: 10
                                                                                                                                                          Number Type: original numbers"                   , Basket                , Rattan; Needles; Grass; Fiber, Asia-Southeast Asia-Philippines--                  , Northern Luzon       , Benguet and Bontoc Provinces, Igorot  , This head basket is composed of 2 small pouches to which rows of grasses and needles have been attached at the back. The main part of the basket consists of a long pouch of finely woven rattan. This pouch is rectangular. At the top of the pouch a V-shaped slit is left open. The sides and bottom of the front pouch are made out of plant fiber netting.                                                                                                                                                                                                                                                                   , 
1989-74-23       , Ethnology & Material Culture, Accession Number: 1989-74, Accession #1989-74 Donation 12/07/1989 (1989-74), "Quantity: 1
                                                                                                                              Unit: ea"   , Ethnographic, "Other Number: 11
                                                                                                                                                          Number Type: original numbers"                   , Basket                , Rattan; Wood; Needles        , Asia-Southeast Asia-Philippines--                  , Northern Luzon       , Benguet and Bontoc Provinces, Igorot  , This is a basket of finely woven rattan. At the top a flap is attached to one side of the basket and extends over the opening. The top of the basket is shaped on both sides like the top half of a hexagon. Two long braided cords of rattan are attached to the opening to be used as possible shoulder straps. The flap over the front is thatched with rows of loose fiber (needles?). The base of the basket is a rectangular wooden frame.                                                                                                                                                                                  , Removed from description on 6/6/2019 by J Moss Used as a head hunter's basket.
1989-74-25       , Ethnology & Material Culture, Accession Number: 1989-74, Accession #1989-74 Donation 12/07/1989 (1989-74), "Quantity: 1
                                                                                                                              Unit: ea"   , Ethnographic, "Other Number: 13
                                                                                                                                                          Number Type: original numbers"                   , Basket                , Rattan; Wood; Leaf           , Asia-Southeast Asia-Philippines--                  , Northern Luzon       , Benguet and Bontoc Provinces, Igorot  , Child's comote. This small woven basket is circular at the top but funnels down to a square-shaped base. 4 strips of rattan form the corners of the bottom of the basket and extend out beyond this bottom. 4 rectangular pieces of wood covered by a strip of palm leaf have been applied to base. A woven rattan handle is attached at opposite ends by a fiber braid.                                                                                                                                                                                                                                                          , 
1989-74-26-a     , Ethnology & Material Culture, Accession Number: 1989-74, Accession #1989-74 Donation 12/07/1989 (1989-74), "Quantity: 1
                                                                                                                              Unit: ea"   , Ethnographic, "Other Number: 14
                                                                                                                                                          Number Type: original numbers"                   , Basket                , Balsa                        , Asia-Southeast Asia-Philippines--                  , Northern Luzon       , Benguet and Bontoc Provinces, Igorot  , This bulb-shaped undecorated basket is made of finely woven rattan. The basket has a rim to place the cover on and a base. The basket flares out to its widest diameter about 10 cm down from the top of the rim. The basket's diameter then sharply decreases.                                                                                                                                                                                                                                                                                                                                                                   , 
1989-74-79       , Ethnology & Material Culture, Accession Number: 1989-74, Accession #1989-74 Donation 12/07/1989 (1989-74), "Quantity: 1
                                                                                                                              Unit: ea"   , Ethnographic,                                                  , Basket                , Rattan                       , Asia-Southeast Asia-Philippines--                  , Northern Luzon       , Benguet and Bontoc Provinces, Igorot  , This is a cone-shaped basket made of woven rattan. The large round end is open so that things could be put in it. Three dark brown bands of three rows each of rattan have been woven around the basket at irregular intervals to provide decoration.                                                                                                                                                                                                                                                                                                                                                                             , 
8126-a           , Ethnology & Material Culture, Accession Number: 278    , Accession #278 Purchase 04/20/1926 (278)        , "Quantity: 1
                                                                                                                              Unit: ea"   , Ethnographic,                                                  , Basket                , Botanical                    , Asia-Southeast Asia-Philippines-Lanao del Sur-     , Mindanao             , Malalbang                   ,         , Woven basketry hamper. Used as a container for food and clothing. Round with a very open weave. 8126a is the base 8126b is a lid.                                                                                                                                                                                                                                                                                                                                                                                                                                                                                                 , 
8126-b           , Ethnology & Material Culture, Accession Number: 278    , Accession #278 Purchase 04/20/1926 (278)        , "Quantity: 1
                                                                                                                              Unit: ea"   , Ethnographic,                                                  , Basket                , Botanical                    , Asia-Southeast Asia-Philippines-Lanao del Sur-     , Mindanao             , Malabang                    ,         , Woven basketry hamper. Used as a container for food and clothing. Round with a very open weave. 8126a is the base 8126b is a lid.                                                                                                                                                                                                                                                                                                                                                                                                                                                                                                 , 
8127-a           , Ethnology & Material Culture, Accession Number: 278    , Accession #278 Purchase 04/20/1926 (278)        , "Quantity: 1
                                                                                                                              Unit: ea"   , Ethnographic,                                                  , Basket                , Reed                         , Asia-Southeast Asia-Philippines--                  ,                      ,                             ,         , Lid to one covered basket from the Philippines. The basket is made of reed in natural and black colors the latter of which is produced by rice straw smoke. The basket is rectangular with a short height and is woven with bicolor geometric designs.                                                                                                                                                                                                                                                                                                                                                                            , 
8127-b           , Ethnology & Material Culture, Accession Number: 278    , Accession #278 Purchase 04/20/1926 (278)        , "Quantity: 1
                                                                                                                              Unit: ea"   , Ethnographic,                                                  , Basket                , Reed                         , Asia-Southeast Asia-Philippines--                  ,                      ,                             ,         , Base to one covered basket from the Philippines. The basket is made of reed in natural and black colors the latter of which is produced by rice straw smoke. The basket is rectangular with a short height and is woven with bicolor geometric designs.                                                                                                                                                                                                                                                                                                                                                                           , 
8128-a           , Ethnology & Material Culture, Accession Number: 278    , Accession #278 Purchase 04/20/1926 (278)        , "Quantity: 1
                                                                                                                              Unit: ea"   , Ethnographic,                                                  , Basket                , Grass                        , Asia-Southeast Asia-Philippines--                  ,                      ,                             ,         , Bottom part of covered basket of woven grass alternating light and dark colors.                                                                                                                                                                                                                                                                                                                                                                                                                                                                                                                                                   , 
8128-b           , Ethnology & Material Culture, Accession Number: 278    , Accession #278 Purchase 04/20/1926 (278)        , "Quantity: 1
                                                                                                                              Unit: ea"   , Ethnographic,                                                  , Basket                , Grass                        , Asia-Southeast Asia-Philippines--                  ,                      ,                             ,         , Top part of covered basket of woven grass alternating light and dark colors.                                                                                                                                                                                                                                                                                                                                                                                                                                                                                                                                                      , 
8418-b           , Ethnology & Material Culture, Accession Number: 220    , Accession #220 UMMAA Expedition 08/31/1925 (220), "Quantity: 1
                                                                                                                              Unit: ea"   , Ethnographic,                                                  , Basket                , Fiber                        , Asia-Southeast Asia-Philippines--                  ,                      ,                             ,         , Woven basket. Fits with 8418c.                                                                                                                                                                                                                                                                                                                                                                                                                                                                                                                                                                                                    , 